<?xml version="1.0" encoding="UTF-8"?>
<root>
   <listitem ISOCode="SQ" language="Albanian"/>
   <listitem ISOCode="AR" language="Arabic"/>
   <listitem ISOCode="AES" language="Argentine_Spanish"/>
   <listitem ISOCode="BPT" language="Brazilian_Portuguese"/>
   <listitem ISOCode="BG" language="Bulgarian"/>
   <listitem ISOCode="CFR" language="Canadian_French"/>
   <listitem ISOCode="ZH_CN" language="Chinese"/>
   <listitem ISOCode="HR" language="Croatian"/>
   <listitem ISOCode="CS" language="Czech"/>
   <listitem ISOCode="DA" language="Danish"/>
   <listitem ISOCode="NL" language="Dutch"/>
   <listitem ISOCode="ET" language="Estonian"/>
   <listitem ISOCode="FA" language="Farsi"/>
   <listitem ISOCode="FI" language="Finnish"/>
   <listitem ISOCode="FR" language="French"/>
   <listitem ISOCode="DE" language="Germany"/>
   <listitem ISOCode="EL" language="Greek"/>
   <listitem ISOCode="HE" language="Hebrew"/>
   <listitem ISOCode="ZH_HK" language="Hongkong_Chinese"/>
   <listitem ISOCode="HU" language="Hungarian"/>
   <listitem ISOCode="IS" language="Iceland"/>
   <listitem ISOCode="ID" language="Indonesian"/>
   <listitem ISOCode="IT" language="Italian"/>
   <listitem ISOCode="KK" language="Kazakh"/>
   <listitem ISOCode="KO" language="Korean"/>
   <listitem ISOCode="LV" language="Latvian"/>
   <listitem ISOCode="LT" language="Lithuanian"/>
   <listitem ISOCode="MK" language="Macedonian"/>
   <listitem ISOCode="MT" language="Maltese"/>
   <listitem ISOCode="MES" language="Mexican_Spanish"/>
   <listitem ISOCode="MN" language="Mongolian"/>
   <listitem ISOCode="NO" language="Norwegian"/>
   <listitem ISOCode="PL" language="Polish"/>
   <listitem ISOCode="PT" language="Portuguese"/>
   <listitem ISOCode="RO" language="Romanian"/>
   <listitem ISOCode="RU" language="Russian"/>
   <listitem ISOCode="SR" language="Serbian"/>
   <listitem ISOCode="SK" language="Slovakian"/>
   <listitem ISOCode="SL" language="Slovenian"/>
   <listitem ISOCode="ES" language="Spanish"/>
   <listitem ISOCode="SV" language="Swedish"/>
   <listitem ISOCode="ZH_TW" language="Taiwan_Chinese"/>
   <listitem ISOCode="TH" language="Thai"/>
   <listitem ISOCode="TR" language="Turkish"/>
   <listitem ISOCode="UK" language="Ukrainian"/>
   <listitem ISOCode="UZ" language="Uzbek"/>
   <listitem ISOCode="VI" language="Vietnamese"/>
</root>
